"month","service_count","rate_per_1000_female_beneficiaries","data_quality","geography","population","measure","data_source","source_url"
"2018-01","10434","24.5","","Washington State","Female Medicaid and CHIP beneficiaries ages 15–44","Postpartum visits","CMS T-MSIS Analytic Files","https://data.medicaid.gov/dataset/ed67e610-aed3-4bed-842f-e6044511dd64"
"2018-02","9051","21.3","","Washington State","Female Medicaid and CHIP beneficiaries ages 15–44","Postpartum visits","CMS T-MSIS Analytic Files","https://data.medicaid.gov/dataset/ed67e610-aed3-4bed-842f-e6044511dd64"
"2018-03","10284","24.3","","Washington State","Female Medicaid and CHIP beneficiaries ages 15–44","Postpartum visits","CMS T-MSIS Analytic Files","https://data.medicaid.gov/dataset/ed67e610-aed3-4bed-842f-e6044511dd64"
"2018-04","9490","22.6","","Washington State","Female Medicaid and CHIP beneficiaries ages 15–44","Postpartum visits","CMS T-MSIS Analytic Files","https://data.medicaid.gov/dataset/ed67e610-aed3-4bed-842f-e6044511dd64"
"2018-05","10199","24.2","","Washington State","Female Medicaid and CHIP beneficiaries ages 15–44","Postpartum visits","CMS T-MSIS Analytic Files","https://data.medicaid.gov/dataset/ed67e610-aed3-4bed-842f-e6044511dd64"
"2018-06","9416","22.5","","Washington State","Female Medicaid and CHIP beneficiaries ages 15–44","Postpartum visits","CMS T-MSIS Analytic Files","https://data.medicaid.gov/dataset/ed67e610-aed3-4bed-842f-e6044511dd64"
"2018-07","9163","21.9","","Washington State","Female Medicaid and CHIP beneficiaries ages 15–44","Postpartum visits","CMS T-MSIS Analytic Files","https://data.medicaid.gov/dataset/ed67e610-aed3-4bed-842f-e6044511dd64"
"2018-08","10188","24.4","","Washington State","Female Medicaid and CHIP beneficiaries ages 15–44","Postpartum visits","CMS T-MSIS Analytic Files","https://data.medicaid.gov/dataset/ed67e610-aed3-4bed-842f-e6044511dd64"
"2018-09","8983","21.6","","Washington State","Female Medicaid and CHIP beneficiaries ages 15–44","Postpartum visits","CMS T-MSIS Analytic Files","https://data.medicaid.gov/dataset/ed67e610-aed3-4bed-842f-e6044511dd64"
"2018-10","10198","24.6","","Washington State","Female Medicaid and CHIP beneficiaries ages 15–44","Postpartum visits","CMS T-MSIS Analytic Files","https://data.medicaid.gov/dataset/ed67e610-aed3-4bed-842f-e6044511dd64"
"2018-11","8812","21.2","","Washington State","Female Medicaid and CHIP beneficiaries ages 15–44","Postpartum visits","CMS T-MSIS Analytic Files","https://data.medicaid.gov/dataset/ed67e610-aed3-4bed-842f-e6044511dd64"
"2018-12","7845","18.8","","Washington State","Female Medicaid and CHIP beneficiaries ages 15–44","Postpartum visits","CMS T-MSIS Analytic Files","https://data.medicaid.gov/dataset/ed67e610-aed3-4bed-842f-e6044511dd64"
"2019-01","9735","23.5","","Washington State","Female Medicaid and CHIP beneficiaries ages 15–44","Postpartum visits","CMS T-MSIS Analytic Files","https://data.medicaid.gov/dataset/ed67e610-aed3-4bed-842f-e6044511dd64"
"2019-02","7887","19.2","","Washington State","Female Medicaid and CHIP beneficiaries ages 15–44","Postpartum visits","CMS T-MSIS Analytic Files","https://data.medicaid.gov/dataset/ed67e610-aed3-4bed-842f-e6044511dd64"
"2019-03","9223","22.5","","Washington State","Female Medicaid and CHIP beneficiaries ages 15–44","Postpartum visits","CMS T-MSIS Analytic Files","https://data.medicaid.gov/dataset/ed67e610-aed3-4bed-842f-e6044511dd64"
"2019-04","9695","23.8","","Washington State","Female Medicaid and CHIP beneficiaries ages 15–44","Postpartum visits","CMS T-MSIS Analytic Files","https://data.medicaid.gov/dataset/ed67e610-aed3-4bed-842f-e6044511dd64"
"2019-05","9988","24.5","","Washington State","Female Medicaid and CHIP beneficiaries ages 15–44","Postpartum visits","CMS T-MSIS Analytic Files","https://data.medicaid.gov/dataset/ed67e610-aed3-4bed-842f-e6044511dd64"
"2019-06","8672","21.3","","Washington State","Female Medicaid and CHIP beneficiaries ages 15–44","Postpartum visits","CMS T-MSIS Analytic Files","https://data.medicaid.gov/dataset/ed67e610-aed3-4bed-842f-e6044511dd64"
"2019-07","9420","23.2","","Washington State","Female Medicaid and CHIP beneficiaries ages 15–44","Postpartum visits","CMS T-MSIS Analytic Files","https://data.medicaid.gov/dataset/ed67e610-aed3-4bed-842f-e6044511dd64"
"2019-08","9401","23.1","","Washington State","Female Medicaid and CHIP beneficiaries ages 15–44","Postpartum visits","CMS T-MSIS Analytic Files","https://data.medicaid.gov/dataset/ed67e610-aed3-4bed-842f-e6044511dd64"
"2019-09","8751","21.5","","Washington State","Female Medicaid and CHIP beneficiaries ages 15–44","Postpartum visits","CMS T-MSIS Analytic Files","https://data.medicaid.gov/dataset/ed67e610-aed3-4bed-842f-e6044511dd64"
"2019-10","9843","24.2","","Washington State","Female Medicaid and CHIP beneficiaries ages 15–44","Postpartum visits","CMS T-MSIS Analytic Files","https://data.medicaid.gov/dataset/ed67e610-aed3-4bed-842f-e6044511dd64"
"2019-11","8132","20","","Washington State","Female Medicaid and CHIP beneficiaries ages 15–44","Postpartum visits","CMS T-MSIS Analytic Files","https://data.medicaid.gov/dataset/ed67e610-aed3-4bed-842f-e6044511dd64"
"2019-12","7768","19","","Washington State","Female Medicaid and CHIP beneficiaries ages 15–44","Postpartum visits","CMS T-MSIS Analytic Files","https://data.medicaid.gov/dataset/ed67e610-aed3-4bed-842f-e6044511dd64"
"2020-01","8977","22","","Washington State","Female Medicaid and CHIP beneficiaries ages 15–44","Postpartum visits","CMS T-MSIS Analytic Files","https://data.medicaid.gov/dataset/ed67e610-aed3-4bed-842f-e6044511dd64"
"2020-02","8199","20.2","","Washington State","Female Medicaid and CHIP beneficiaries ages 15–44","Postpartum visits","CMS T-MSIS Analytic Files","https://data.medicaid.gov/dataset/ed67e610-aed3-4bed-842f-e6044511dd64"
"2020-03","7313","17.8","","Washington State","Female Medicaid and CHIP beneficiaries ages 15–44","Postpartum visits","CMS T-MSIS Analytic Files","https://data.medicaid.gov/dataset/ed67e610-aed3-4bed-842f-e6044511dd64"
"2020-04","5901","14.2","","Washington State","Female Medicaid and CHIP beneficiaries ages 15–44","Postpartum visits","CMS T-MSIS Analytic Files","https://data.medicaid.gov/dataset/ed67e610-aed3-4bed-842f-e6044511dd64"
"2020-05","6744","16","","Washington State","Female Medicaid and CHIP beneficiaries ages 15–44","Postpartum visits","CMS T-MSIS Analytic Files","https://data.medicaid.gov/dataset/ed67e610-aed3-4bed-842f-e6044511dd64"
"2020-06","8590","20.1","","Washington State","Female Medicaid and CHIP beneficiaries ages 15–44","Postpartum visits","CMS T-MSIS Analytic Files","https://data.medicaid.gov/dataset/ed67e610-aed3-4bed-842f-e6044511dd64"
"2020-07","8800","20.2","","Washington State","Female Medicaid and CHIP beneficiaries ages 15–44","Postpartum visits","CMS T-MSIS Analytic Files","https://data.medicaid.gov/dataset/ed67e610-aed3-4bed-842f-e6044511dd64"
"2020-08","8858","20","","Washington State","Female Medicaid and CHIP beneficiaries ages 15–44","Postpartum visits","CMS T-MSIS Analytic Files","https://data.medicaid.gov/dataset/ed67e610-aed3-4bed-842f-e6044511dd64"
"2020-09","9130","20.4","","Washington State","Female Medicaid and CHIP beneficiaries ages 15–44","Postpartum visits","CMS T-MSIS Analytic Files","https://data.medicaid.gov/dataset/ed67e610-aed3-4bed-842f-e6044511dd64"
"2020-10","9623","21.2","","Washington State","Female Medicaid and CHIP beneficiaries ages 15–44","Postpartum visits","CMS T-MSIS Analytic Files","https://data.medicaid.gov/dataset/ed67e610-aed3-4bed-842f-e6044511dd64"
"2020-11","8415","18.3","","Washington State","Female Medicaid and CHIP beneficiaries ages 15–44","Postpartum visits","CMS T-MSIS Analytic Files","https://data.medicaid.gov/dataset/ed67e610-aed3-4bed-842f-e6044511dd64"
"2020-12","8907","19.1","","Washington State","Female Medicaid and CHIP beneficiaries ages 15–44","Postpartum visits","CMS T-MSIS Analytic Files","https://data.medicaid.gov/dataset/ed67e610-aed3-4bed-842f-e6044511dd64"
"2021-01","8933","19","","Washington State","Female Medicaid and CHIP beneficiaries ages 15–44","Postpartum visits","CMS T-MSIS Analytic Files","https://data.medicaid.gov/dataset/ed67e610-aed3-4bed-842f-e6044511dd64"
"2021-02","8693","18.3","","Washington State","Female Medicaid and CHIP beneficiaries ages 15–44","Postpartum visits","CMS T-MSIS Analytic Files","https://data.medicaid.gov/dataset/ed67e610-aed3-4bed-842f-e6044511dd64"
"2021-03","10396","21.7","","Washington State","Female Medicaid and CHIP beneficiaries ages 15–44","Postpartum visits","CMS T-MSIS Analytic Files","https://data.medicaid.gov/dataset/ed67e610-aed3-4bed-842f-e6044511dd64"
"2021-04","9373","19.4","","Washington State","Female Medicaid and CHIP beneficiaries ages 15–44","Postpartum visits","CMS T-MSIS Analytic Files","https://data.medicaid.gov/dataset/ed67e610-aed3-4bed-842f-e6044511dd64"
"2021-05","8962","18.4","","Washington State","Female Medicaid and CHIP beneficiaries ages 15–44","Postpartum visits","CMS T-MSIS Analytic Files","https://data.medicaid.gov/dataset/ed67e610-aed3-4bed-842f-e6044511dd64"
"2021-06","9483","19.4","","Washington State","Female Medicaid and CHIP beneficiaries ages 15–44","Postpartum visits","CMS T-MSIS Analytic Files","https://data.medicaid.gov/dataset/ed67e610-aed3-4bed-842f-e6044511dd64"
"2021-07","9117","18.4","","Washington State","Female Medicaid and CHIP beneficiaries ages 15–44","Postpartum visits","CMS T-MSIS Analytic Files","https://data.medicaid.gov/dataset/ed67e610-aed3-4bed-842f-e6044511dd64"
"2021-08","9435","18.8","","Washington State","Female Medicaid and CHIP beneficiaries ages 15–44","Postpartum visits","CMS T-MSIS Analytic Files","https://data.medicaid.gov/dataset/ed67e610-aed3-4bed-842f-e6044511dd64"
"2021-09","9447","18.7","","Washington State","Female Medicaid and CHIP beneficiaries ages 15–44","Postpartum visits","CMS T-MSIS Analytic Files","https://data.medicaid.gov/dataset/ed67e610-aed3-4bed-842f-e6044511dd64"
"2021-10","9350","18.4","","Washington State","Female Medicaid and CHIP beneficiaries ages 15–44","Postpartum visits","CMS T-MSIS Analytic Files","https://data.medicaid.gov/dataset/ed67e610-aed3-4bed-842f-e6044511dd64"
"2021-11","8640","16.8","","Washington State","Female Medicaid and CHIP beneficiaries ages 15–44","Postpartum visits","CMS T-MSIS Analytic Files","https://data.medicaid.gov/dataset/ed67e610-aed3-4bed-842f-e6044511dd64"
"2021-12","8228","15.9","","Washington State","Female Medicaid and CHIP beneficiaries ages 15–44","Postpartum visits","CMS T-MSIS Analytic Files","https://data.medicaid.gov/dataset/ed67e610-aed3-4bed-842f-e6044511dd64"
"2022-01","8589","16.5","","Washington State","Female Medicaid and CHIP beneficiaries ages 15–44","Postpartum visits","CMS T-MSIS Analytic Files","https://data.medicaid.gov/dataset/ed67e610-aed3-4bed-842f-e6044511dd64"
"2022-02","8537","16.3","","Washington State","Female Medicaid and CHIP beneficiaries ages 15–44","Postpartum visits","CMS T-MSIS Analytic Files","https://data.medicaid.gov/dataset/ed67e610-aed3-4bed-842f-e6044511dd64"
"2022-03","10097","19.2","","Washington State","Female Medicaid and CHIP beneficiaries ages 15–44","Postpartum visits","CMS T-MSIS Analytic Files","https://data.medicaid.gov/dataset/ed67e610-aed3-4bed-842f-e6044511dd64"
"2022-04","8813","16.6","","Washington State","Female Medicaid and CHIP beneficiaries ages 15–44","Postpartum visits","CMS T-MSIS Analytic Files","https://data.medicaid.gov/dataset/ed67e610-aed3-4bed-842f-e6044511dd64"
"2022-05","9082","17","","Washington State","Female Medicaid and CHIP beneficiaries ages 15–44","Postpartum visits","CMS T-MSIS Analytic Files","https://data.medicaid.gov/dataset/ed67e610-aed3-4bed-842f-e6044511dd64"
"2022-06","8789","16.3","","Washington State","Female Medicaid and CHIP beneficiaries ages 15–44","Postpartum visits","CMS T-MSIS Analytic Files","https://data.medicaid.gov/dataset/ed67e610-aed3-4bed-842f-e6044511dd64"
"2022-07","8168","15.1","","Washington State","Female Medicaid and CHIP beneficiaries ages 15–44","Postpartum visits","CMS T-MSIS Analytic Files","https://data.medicaid.gov/dataset/ed67e610-aed3-4bed-842f-e6044511dd64"
"2022-08","9244","16.9","","Washington State","Female Medicaid and CHIP beneficiaries ages 15–44","Postpartum visits","CMS T-MSIS Analytic Files","https://data.medicaid.gov/dataset/ed67e610-aed3-4bed-842f-e6044511dd64"
"2022-09","8433","15.3","","Washington State","Female Medicaid and CHIP beneficiaries ages 15–44","Postpartum visits","CMS T-MSIS Analytic Files","https://data.medicaid.gov/dataset/ed67e610-aed3-4bed-842f-e6044511dd64"
"2022-10","8614","15.5","","Washington State","Female Medicaid and CHIP beneficiaries ages 15–44","Postpartum visits","CMS T-MSIS Analytic Files","https://data.medicaid.gov/dataset/ed67e610-aed3-4bed-842f-e6044511dd64"
"2022-11","8480","15.2","","Washington State","Female Medicaid and CHIP beneficiaries ages 15–44","Postpartum visits","CMS T-MSIS Analytic Files","https://data.medicaid.gov/dataset/ed67e610-aed3-4bed-842f-e6044511dd64"
"2022-12","7813","13.9","","Washington State","Female Medicaid and CHIP beneficiaries ages 15–44","Postpartum visits","CMS T-MSIS Analytic Files","https://data.medicaid.gov/dataset/ed67e610-aed3-4bed-842f-e6044511dd64"
