"ach_name","indicator","period","estimate_proportion","estimate_percent","lower_95_ci_percent","upper_95_ci_percent","relative_standard_error","reliability_flag","data_source"
"Better Health Together","Postpartum Depression","2021-2023","0.094","9.4","5.9","14.7","0.234","","PRAMS"
"Cascade Pacific Action Alliance","Postpartum Depression","2021-2023","0.159","15.9","11.1","22.4","0.181","","PRAMS"
"Elevate Health","Postpartum Depression","2021-2023","0.119","11.9","8.7","16","0.157","","PRAMS"
"Greater Health Now","Postpartum Depression","2021-2023","0.111","11.1","7.6","15.9","0.189","","PRAMS"
"Healthier Here","Postpartum Depression","2021-2023","0.09","9","7.2","11.3","0.117","","PRAMS"
"North Sound","Postpartum Depression","2021-2023","0.128","12.8","9.7","16.8","0.141","","PRAMS"
"Olympic Community of Health","Postpartum Depression","2021-2023","0.111","11.1","6.2","19","0.287","*","PRAMS"
"Southwest Washington","Postpartum Depression","2021-2023","0.1","10","5.8","16.6","0.268","*","PRAMS"
"Thriving Together NCW","Postpartum Depression","2021-2023",,,,,"0.396","**","PRAMS"
